tile_x,tile_y,x_scene,y_scene,n,density,t_mean_ms,t_span_ms,speed_px_frame,x_sensor,y_sensor,shift_x,shift_y,shift,shift_ctrl,gain,resp
0,0,48.0,48.0,29833,3.237087673611111,262.9744392116113,511.142,0.04070546286247007,30.86826668454396,41.945396037944555,2.519605061836131,0.9433673544799817,2.690418486616685,0.23331657956249516,1.1286125924151547,0.8617119909160667
1,0,144.0,48.0,93712,10.168402777777779,390.071212694212,595.43,0.023332095209891244,81.87564025951852,53.0155796482841,3.7391386782323863,-0.8278759518889771,3.8296914558185384,0.420694556104334,1.098389853760687,0.6200302553673586
2,0,240.0,48.0,56647,6.146592881944445,454.55308023372817,670.439,0.15589078609363588,124.85812134799724,41.972178579624696,3.525907266552764,3.271514645461032,4.809867994840982,0.0924672191101594,1.0576305907192423,0.256396949912111
3,0,336.0,48.0,40407,4.384440104166667,480.6221997921152,767.873,0.24630970214051004,222.22560447447225,54.298141411141636,-1.735525194743559,-2.5009219428128517,3.0441186352756486,0.5893629226694368,0.9506149541938668,0.10450636316090822
4,0,432.0,48.0,149558,16.22808159722222,566.4141480562726,818.91,0.8627985797749087,224.0395097554126,53.590413083887185,-6.677988570780229,3.29610018879913,7.447134200890503,0.22895438496998097,0.8967772446248962,0.04544175726672014
5,0,528.0,48.0,79437,8.619466145833334,567.9094199806135,879.999,0.8667751537689528,315.1195412716996,81.26217002152649,3.8818768073171412,0.6708703437992654,3.9394205875199546,0.4098579816442035,1.1195552630230605,0.29050184455182815
6,0,624.0,48.0,124486,13.50759548611111,638.0118003068619,934.903,1.0236794703317043,327.3371543788056,39.36757547033401,3.310132723788584,0.3151685255626049,3.325102983157264,0.09746315998464208,1.118467464482019,0.3254794345961677
7,0,720.0,48.0,44654,4.845269097222222,605.1086149505084,975.113,1.031056893193622,484.5166838357146,42.28908944327496,-6.9622675640694425,0.20306386696307754,6.965228249509089,0.4341721683022712,0.9476375747483159,-0.09108770804272757
8,0,816.0,48.0,262202,28.45073784722222,681.5410848048451,1018.417,0.6719813716582038,461.8255734128649,45.28099709384368,1.695379860726817,0.28902197726211654,1.7198391132598958,0.10659310960439253,1.0173842942389741,0.1931339767244127
9,0,912.0,48.0,182554,19.80837673611111,789.3784672097023,1055.535,1.5235870894544856,401.9897345442992,45.11341849534932,-8.233439904182596,0.36623186588459333,8.241581064054131,6.569036579897838,0.8132663539359631,0.1682751276012924
10,0,1008.0,48.0,28129,3.0521918402777777,786.9658040100963,996.765,1.501320656945042,540.5688079917522,59.58050410608269,6.3664197461542855,2.084473675470676,6.698979839345199,7.573555666547551,1.087383260258351,0.08602734344700973
11,0,1104.0,48.0,339854,36.87651909722222,878.0616599480953,733.074,1.1424710807210814,499.65873875252316,52.65939785908066,-9.936455134811148,0.7353198814707156,9.963625644021404,0.032900279551596114,1.05968723998965,0.4273660071194172
12,0,1200.0,48.0,419704,45.540798611111114,962.27085743524,711.423,1.9779486149468837,459.84758782379964,51.97808932009225,0.1599061192301221,1.5335756357019932,1.5418898136332604,0.037992893594898845,0.9941854940687881,0.1435968325369888
13,0,1296.0,48.0,55797,6.054361979166667,1040.8713325268384,671.985,1.93577224802456,425.75557825689555,39.7436958976289,18.68927270040374,23.13104268597247,29.7377546195125,1.9296613728787737,0.708886274890832,-0.006826588159634007
14,0,1392.0,48.0,161879,17.56499565972222,1082.7686545753309,620.176,0.9737647648730086,462.3371530587661,45.47759128731954,6.560883333535159,-0.7991456375017947,6.609373939050322,0.2681203484822493,1.3178719095023985,0.5492692718075382
15,0,1488.0,48.0,202503,21.972981770833332,1113.9689699856299,634.095,0.8620896653529073,511.3654365614337,45.99168407381619,0.12160803409594934,12.176471153678342,12.177078396327975,7.960249218133533,0.8693012566352722,0.08183662200139628
16,0,1584.0,48.0,447097,48.51312934027778,1204.870260838252,657.293,0.42369771595176653,457.9600064415552,42.75918201195714,-24.812413049615685,-13.735446502919878,28.360506553644502,3.366411372332369,0.7683327796442586,-0.012943755628334152
17,0,1680.0,48.0,170995,18.55414496527778,1260.7509125822392,655.746,0.9620405666804266,459.4731074008012,42.53471738939735,5.578571004080501,2.5476343492847278,6.132772230013369,1.0502784398163396,1.0054237156121677,0.019373149300614994
18,0,1776.0,48.0,253389,27.494466145833332,1299.9783774433777,614.762,1.5761569507202207,502.6765171337351,44.51842424098915,1.4332449715690458,-0.761544229828516,1.6230036236906753,0.10293429818391381,0.988324162726763,0.46078951263593304
19,0,1872.0,48.0,190521,20.6728515625,1294.0647317985943,571.458,1.4129034194480632,613.9547451462043,31.918964313645215,16.375409389810642,16.597060857926888,23.315584097457805,0.45074785581876964,0.8715258593738631,0.005797150855263074
20,0,1968.0,48.0,326466,35.423828125,1364.8824006879738,534.34,1.7683529177265263,571.98503060043,40.68252130390301,11.027899014213205,0.3488129261220365,11.033414119170656,0.45815274252114024,0.9874032894608088,0.3313898632509841
21,0,2064.0,48.0,82397,8.94064670138889,1382.9345192664782,468.611,1.6019064711585265,675.9516123159824,39.850552811388766,-6.597314537496558,1.9754205863966021,6.886715153091706,5.555268688723272,1.0156771417361927,0.07979571643388933
22,0,2160.0,48.0,95099,10.318901909722221,1436.4567508385999,343.339,0.9167121888251413,679.6931092861124,50.0042902659334,-1.8915015456479836,0.1114565925508515,1.894782485989291,0.0904511479218539,0.9470575478280528,0.17525733096732032
23,0,2256.0,48.0,23444,2.5438368055555554,1446.6403272905648,280.703,0.8704458720263735,747.0081470738781,47.73677700051186,2.6270803895535266,-1.4948820045334443,3.0226186627913614,3.95907416007765,0.9637870855148342,0.16473997280829483
24,0,2352.0,48.0,47917,5.199327256944445,1474.3292566938667,242.039,0.794405195367741,789.4751758248639,55.51196861239226,13.54547615465843,0.11916772288785182,13.546000339679548,4.371303575547533,1.1683903950426024,0.1449917962567674
0,1,48.0,144.0,211737,22.974934895833332,282.4256029461077,511.142,0.3189916755942975,33.35070393932095,144.5615976423582,1.6767269242119909,0.6816390628682925,1.8099848039155928,0.4422735220489744,1.0482452340408979,0.4333544414904382
1,1,144.0,144.0,58705,6.369900173611111,375.6322834511541,595.43,0.07001611579632001,72.10331317604974,142.67590494847116,-0.46813358914287306,0.06645155107915457,0.4728264649156324,1.1943374411562033,0.9900355716143714,0.3538514067315393
2,1,240.0,144.0,111094,12.05447048611111,443.38856616919,671.212,0.16035075544228575,141.64852287252236,146.41339766324015,1.5525021227510862,0.09091271076145802,1.5551617157468305,0.27081914219700925,1.0587216969341757,0.6899573490437534
3,1,336.0,144.0,126200,13.69357638888889,497.4948742076069,767.873,0.47170844559385483,196.14210776545167,163.7781378763867,3.9574242231705554,0.26602509182163203,3.9663554847763938,0.17448945350828965,1.0904932856138738,0.5348022261427509
4,1,432.0,144.0,248450,26.95855034722222,563.2077608291406,818.91,0.8544233712403334,233.86292211712617,144.03281948078083,3.034287178092576,0.7577889873994792,3.1274818670235223,0.038675532557719494,1.0487360559574999,0.5548519351416163
5,1,528.0,144.0,546270,59.274088541666664,585.2933507825801,879.999,1.018431186200297,296.3655774616948,133.2857121936039,-0.6796052998180429,0.468084199898243,0.8252067509025542,0.13121953644930356,0.9862073306653553,0.7190732542011473
6,1,624.0,144.0,34383,3.7307942708333335,598.2295624000233,933.356,1.0065974885807796,355.7372829596021,152.36704185207807,5.614128222555642,1.0768465972164378,5.716470440160816,4.555849773303515,0.9655910133025092,0.12909252672559685
7,1,720.0,144.0,53048,5.756076388888889,582.0229322688886,975.113,1.000394193241656,489.2837430251847,150.96408912682853,-6.546473187699995,0.7475687849851766,6.589018916770474,0.15080337386134987,0.9453992782080595,0.3157976050343778
8,1,816.0,144.0,158022,17.146484375,678.1710631747478,1018.417,0.655230804020044,467.0662376124843,124.50502461682551,-13.747189721710875,2.2760312180481392,13.934329669928253,0.7815587431005794,0.849542762796118,0.13516629942589337
9,1,912.0,144.0,179832,19.513020833333332,754.1179630488457,1055.535,1.164590916998877,448.5901619289114,139.99119177899374,6.5538938092154595,-14.305512497063184,15.735349118024159,0.5298828069199819,0.8962024944092262,0.07625022292551067
10,1,1008.0,144.0,155371,16.85883246527778,909.6009821330879,1006.045,1.3680845955229997,363.8536148959587,147.43329836327243,3.910958421757684,1.7550898665804056,4.286716250988696,0.8381776353669226,0.8599920747113363,0.15759341480831304
11,1,1104.0,144.0,410648,44.55815972222222,861.3892949362959,733.074,1.1031001178263826,513.4302516997526,136.03508357522745,-8.365995081297285,-1.0602935990016817,8.432917420227374,0.6838766839497785,0.9864786803260497,0.3248624905116028
12,1,1200.0,144.0,644115,69.89095052083333,948.1941468852611,711.423,1.7106758219033544,477.5561506873772,137.854602050876,-17.608488638308557,0.9775870452027462,17.635604570198034,0.1798601051176045,1.0510742951590064,0.43209777648250264
13,1,1296.0,144.0,48009,5.209309895833333,1021.3905906184258,674.305,1.9487620536757853,461.88979149742755,132.2850090608011,14.715552027970858,-7.740244581707373,16.627051983817445,16.443842491173196,0.7714497907903549,-0.019150539508296385
14,1,1392.0,144.0,251668,27.307725694444443,1089.6173391174086,620.176,0.9299299133519101,449.8693079771763,138.70043867317258,-23.500762204699058,2.6603353947325203,23.65086063157699,0.14116707701507566,0.7207135376179629,-0.035577340258492365
15,1,1488.0,144.0,249914,27.11740451388889,1132.0172814088046,634.095,0.8148974217518314,481.99904367102283,138.8694750994342,8.974127120015417,1.2356266024418048,9.058793002760252,2.4078315487241837,1.085507046756246,0.31934677555950153
16,1,1584.0,144.0,586968,63.690104166666664,1212.351224714124,657.293,0.47516202411294634,443.1047314334001,136.23324269806872,-7.208519541409515,3.25915223006961,7.9110572768531116,0.18843946887487464,0.9908205478987483,-0.032862735291322075
17,1,1680.0,144.0,163738,17.766710069444443,1257.6492405428182,655.746,0.9255564924829623,468.0887332201444,126.72537834833697,-1.6532017397225758,-0.4261380490252762,1.70724035479742,1.8338494002572023,0.9828166262706651,0.26047355360868907
18,1,1776.0,144.0,442000,47.96006944444444,1301.9591920248868,614.762,1.627273947438919,498.40927149321266,136.7750995475113,-0.28661712967027597,-1.9578758140408894,1.978743814197963,1.0835388782404625,1.0062490584214783,0.114355671323008
19,1,1872.0,144.0,220588,23.93532986111111,1323.4035579043284,571.458,1.9910649396266416,580.1695332475022,141.31416033510436,-0.4445916405693211,-0.07082749442287906,0.4501980240187015,0.5371082876395029,1.0005269434160167,0.5915994346141815
20,1,1968.0,144.0,404012,43.838107638888886,1367.0765808045305,534.34,1.7440626860668353,574.792877439284,131.95092967535618,3.2272481552220995,-9.62233601432181,10.149112327090434,0.9587570604548494,0.9604671463457257,0.11002251940468948
21,1,2064.0,144.0,111628,12.112413194444445,1389.4565720876483,468.611,1.5398027402071255,654.7116225319812,133.28907621743647,9.905003955479721,0.7183124789988966,9.9310158682561,0.6787516312788532,0.8602185335031874,0.303796315462225
22,1,2160.0,144.0,166311,18.0458984375,1433.762455940978,342.566,0.9349201644781203,684.8588968859547,124.77802430386444,9.717283446270137,-0.5227474428919265,9.731334053674537,0.18921866851563263,1.029058237409067,0.343632478473915
23,1,2256.0,144.0,53840,5.842013888888889,1447.0698359955425,280.703,0.8684420313550295,744.0861069836553,140.0100854383358,1.345800863224106,-0.18334860730037406,1.3582329237850685,0.32322674482643127,1.0477653937728124,0.5001566985415088
24,1,2352.0,144.0,84243,9.140950520833334,1475.1299890436,242.039,0.7916799691520375,792.853447764206,127.07954370096031,-28.485000048925713,-3.933176435101153,28.755262208106064,0.25732487516791946,0.6753313675418894,-0.0035321317199203703
25,1,2448.0,144.0,19297,2.0938585069444446,1516.5356911955228,198.735,0.9524903028450707,867.6489609783904,126.78566616572525,8.862126124706734,1.3972541372955973,8.971599554951126,9.82714133822638,1.1922816519972919,0.19323053097145426
0,2,48.0,240.0,113029,12.26443142361111,277.2379404135222,511.142,0.2424334256746311,32.613984021799716,232.27185943430447,1.7441275874485953,0.6982664544848447,1.8787115485774002,0.14136105918105832,1.0512404283787062,0.8885213726510605
1,2,144.0,240.0,49114,5.329210069444445,366.1160711813332,595.43,0.10267617890093442,77.30478071425662,237.57698415930284,-0.21097519937094944,-0.4152731625867574,0.46579215784984973,0.4212556376092191,0.9970539859673959,0.8314565279417567
2,2,240.0,240.0,186421,20.22797309027778,449.21691999291926,671.212,0.16070180022115924,146.74812923436738,244.1443024122819,0.20028181440277848,0.25924987316530945,0.327602353344261,0.10889519382336518,1.00398949860159,0.6952377125206921
3,2,336.0,240.0,496631,53.887912326388886,501.5791845434538,767.873,0.5272872744586751,183.6010317519446,238.3846658786906,2.4911838811875313,-0.17340755818275966,2.4972119075327748,0.13285844583181666,1.0716861957325505,0.6959677081969049
4,2,432.0,240.0,371154,40.272786458333336,553.8549463268616,818.91,0.8930850253808534,240.45991421350706,240.4002597304623,1.511876413607709,0.16194309189228306,1.52052486169577,0.11236486930004481,0.9876903969069933,0.596386446721024
5,2,528.0,240.0,460702,49.98936631944444,579.0976495087931,879.999,0.9680919567935972,302.72785878941266,236.3327031356495,-1.8096126823337997,0.18404097556312138,1.8189472616735083,0.11537482073406106,1.0155740193615874,0.7155794240534306
6,2,624.0,240.0,127825,13.86990017361111,602.8651457070214,934.903,1.0367372387605156,370.80179933502836,233.0057735184823,-9.11137616489708,-7.13742588335036,11.57411006767148,0.3274821026750003,0.9371152251556134,-0.04902174323797226
7,2,720.0,240.0,130874,14.200737847222221,635.0547989898681,974.34,1.0355436828154927,431.90882833870745,238.34080107584393,-21.412505233667844,9.28655484264803,23.339569002605046,1.5747512922681643,1.0023422282898902,0.02075149667345815
8,2,816.0,240.0,132499,14.377061631944445,688.593712616699,1018.417,0.633351994811801,448.72109978188513,236.4667355980045,3.3618481612924143,-15.428531696127912,15.790554561446182,0.094162919891532,0.7650846257207123,-0.01114992807722754
9,2,912.0,240.0,129540,14.055989583333334,685.7226577813802,1054.762,0.6659088607845383,550.9936544696619,236.21502238690752,4.914149067286132,5.090376130496807,7.075365022770261,0.8949028199892055,0.9022820248579102,-0.023899402572876878
10,2,1008.0,240.0,174592,18.944444444444443,908.7591971911656,991.352,1.3676646247363173,358.89568250549854,220.0710742760264,-6.9166601512330175,-1.5384801897986122,7.085697491571138,12.528723187182218,0.9789311590032038,0.09987340329421891
11,2,1104.0,240.0,342649,37.17979600694444,866.4494837048992,733.074,1.0890485115816835,510.387953853652,236.05840378930043,-17.421589797874375,-1.7132905107053915,17.505632106824184,1.1727458915383062,0.9182490700798832,0.10822126766045888
12,2,1200.0,240.0,757822,82.22894965277777,956.3199964516733,711.423,1.8714533574141115,466.57188627408544,235.32080092686672,-22.764009711882053,0.8616606739722599,22.780311615070826,0.1688689010030853,1.0591801229487363,0.4282007422298193
13,2,1296.0,240.0,75353,8.176323784722221,974.2869329290141,674.305,1.980172553905104,529.277281594628,246.8993537085451,9.26590832923933,-0.836947669995908,9.303630397225504,8.029041244993257,0.8894337833811435,0.05102152776574561
14,2,1392.0,240.0,496641,53.888997395833336,1097.0053448547342,620.949,0.8625383187905277,448.4205452228068,234.52335791849646,2.468351308696839,0.3592487219364173,2.4943571972270426,0.07513273030219814,1.0731394069415199,0.6467455211612914
15,2,1488.0,240.0,402473,43.671115451388886,1138.313480939094,634.095,0.7989216129307463,456.28530112578983,232.8803397991915,4.1058612265779075,1.5627109271427884,4.393194948295296,0.811626137572084,1.038310156933418,0.35193260779811275
16,2,1584.0,240.0,611433,66.3447265625,1213.439090121076,657.293,0.48082585007712947,441.1417735058461,229.82389730354757,-2.938101050428564,0.2802465236683318,2.9514362430107846,0.34111391072476555,1.0088739676335416,0.47680098190903664
17,2,1680.0,240.0,107967,11.715169270833334,1219.8506554132282,655.746,0.5313875134753369,527.9883112432502,233.76066761139978,0.15701923422136588,-0.8555450279577954,0.8698346594490065,17.39749827993782,0.9995231066086382,0.46140699047181344
18,2,1776.0,240.0,608507,66.02723524305556,1311.387540728373,614.762,1.7942819060335773,486.4565748627378,229.3156808385113,-5.70651309016953,0.1794776136030407,5.709334800312628,0.08996629404822126,1.125951014389096,0.6286635133955214
19,2,1872.0,240.0,283209,30.730143229166668,1338.6710354614438,571.458,1.9072316526388529,556.1494620580561,220.0847819101794,-3.4075782844299525,0.3204214548185078,3.422610067364757,1.259410367868985,0.9037616376312475,0.2506656772974465
20,2,1968.0,240.0,565052,61.31206597222222,1363.5797598663485,534.34,1.784039889279242,588.6782596999922,230.33817241599004,-0.2613762637537107,0.3353698105745053,0.42519461555695753,0.018815560508864435,0.9914457130295508,0.7131308561397923
21,2,2064.0,240.0,100768,10.934027777777779,1388.2584033721023,468.611,1.5474534880952933,629.805523578914,219.78064464909494,12.500950208298192,-10.519303244595434,16.337977134948705,0.6468504601439453,0.5936850996888379,0.11618490154958433
22,2,2160.0,240.0,77965,8.45974392361111,1434.61610740717,341.019,0.9264529690097243,685.7232219585711,204.98046559353557,-0.4723613653487462,0.06977432316961085,0.4774868748436013,0.06025621831912837,0.9836670286594519,0.6502378359436989
23,2,2256.0,240.0,137316,14.899739583333334,1455.0127542893763,280.703,0.8649596835913592,738.5717396370416,227.42832590521132,0.541075781331223,0.006678388759269183,0.5411169947614041,0.2742076875954677,1.0109074017119821,0.524722415746914
24,2,2352.0,240.0,118403,12.847547743055555,1479.3569305338547,242.039,0.7968341754049384,799.8769963598895,241.67051510519158,2.900107334999028,0.08724867654684232,2.9014194605527717,0.14233696963156212,1.0505319412360936,0.7833350230422285
25,2,2448.0,240.0,88984,9.655381944444445,1506.9471836622313,198.735,0.9149395422667985,847.2786118852828,250.7973680661692,3.534916925110359,-0.8831188432132748,3.6435609722728706,0.243523532858412,1.0115756213161573,0.6273235264751647
26,2,2544.0,240.0,22190,2.4077690972222223,1538.495391617846,134.552,0.9544548102996158,889.1714285714286,238.76367733213158,3.61462620833548,-0.7735699655644694,3.6964757699204718,0.7449098376556815,1.079583719757751,0.7410563826560974
0,3,48.0,336.0,53214,5.774088541666667,273.42194899838387,511.142,0.17597091779654547,31.962622618108018,327.1889164505581,0.5927366813512975,0.15544413915816335,0.6127802655258834,0.07851630055180432,1.0111014381725112,0.8171098464065127
1,3,144.0,336.0,148937,16.16069878472222,381.80029337236545,595.43,0.050757806267750956,75.31405225028033,339.863250904745,-0.20222626320902748,-0.6841571182935553,0.7134188279287481,0.05746752002885965,0.9857180550913638,0.7047017682343721
2,3,240.0,336.0,294097,31.91156684027778,450.5385726273984,671.212,0.15989827989310101,146.19020595245786,327.12931447787633,-0.6098254939142862,-0.675541099914966,0.9100785189763162,0.045649762932914784,0.9817852081740933,0.761704535327024
3,3,336.0,336.0,408751,44.352322048611114,496.2747723699759,767.873,0.4518093212217146,181.06167813656725,327.2021450712047,2.1035571931023327,-0.3363707541511758,2.1302812370437842,0.13861463887998313,1.0520180976451299,0.6426004613232281
4,3,432.0,336.0,522895,56.73773871527778,550.8102237103052,818.91,0.9455400898542349,247.21347115577697,330.61559586532667,0.8634441088627796,-0.2526280619164396,0.899642521670411,0.16016770673075711,1.0012137917162562,0.7075156704005268
5,3,528.0,336.0,498094,54.046657986111114,575.6315793263922,879.999,0.9240419825339361,299.4927102113256,335.1097302918726,-2.905003788374529,-0.07784139490838271,2.906046505689757,0.09773159441385303,1.0681232964600818,0.7451646816399362
6,3,624.0,336.0,98833,10.724066840277779,615.7790825129258,934.903,0.979054600055436,369.06872198557164,340.4680825230439,-9.849896977656755,0.37936469289099506,9.857199807281171,0.18690962971560052,1.2256414754337162,0.5222646358112494
7,3,720.0,336.0,83143,9.021592881944445,616.250924371264,975.113,0.9931906637145519,441.3522365081847,345.53226369026856,-10.072207941425013,-12.525626703592437,16.072980343827123,0.11665194126263514,0.9109172747303181,-0.014937542171941863
8,3,816.0,336.0,72797,7.898980034722222,692.9156596975149,1018.417,0.5970417531721647,439.21871780430513,347.91885654628624,4.289392627258515,-5.278137447767449,6.801295760978549,0.6258708678495017,0.88379270534361,0.11113136592838499
9,3,912.0,336.0,225875,24.50900607638889,732.7517905700056,1056.308,0.7647153158594533,493.4328456004427,340.0451532927504,-19.753945316408362,1.0887604474916373,19.78392667990038,0.055401225755306364,1.3602144883964622,0.4260466806590557
10,3,1008.0,336.0,245271,26.613606770833332,800.1460146857966,1004.498,1.5906691977994298,483.80516653008306,339.87258175650607,4.199650008949071,0.8106015541654017,4.277164373423273,0.15350646763390477,1.0177089424437071,0.8127459597049488
11,3,1104.0,336.0,405912,44.044270833333336,874.3513119222886,733.074,1.0969919224768034,495.28267210626933,328.79455399199827,-19.621898248565444,10.131850325120475,22.083325879217096,0.07952195834516881,0.9800176027101531,0.028062302619218826
12,3,1200.0,336.0,580420,62.97960069444444,962.6842309310499,710.649,1.9827464198123694,461.1870283587747,324.3245753075359,-15.395112146711995,-12.267202001077479,19.684860247029402,0.1460190678088887,0.9794220273310557,0.011919474539657434
13,3,1296.0,336.0,392569,42.596462673611114,1016.0704257824739,674.305,1.980468373572778,471.00990144407734,329.04443550051076,-1.023497309992429,0.5663807902003768,1.1697580703161408,0.04508275361502856,1.0103887164285628,0.5533666200935841
14,3,1392.0,336.0,516855,56.082356770833336,1092.7287203838603,620.175,0.8900644584755861,446.3931431445957,327.5020595718335,-0.14976104083955732,0.5138180978670803,0.5351984744457817,0.11061592521278464,1.0031189325171856,0.3128717694845464
15,3,1488.0,336.0,445695,48.361002604166664,1133.7784695116616,634.095,0.8106616141836639,461.4595609104881,326.4721883799459,-5.562521814984066,-0.6257212453641259,5.597604489339495,0.20827663612245934,0.9430202287380962,0.23473593861692482
16,3,1584.0,336.0,703371,76.32063802083333,1216.8265130720488,657.293,0.5019871881407236,435.37604479001834,323.36876271555127,-4.992719209001379,0.41681794577136344,5.0100880531033,0.10137596485371142,1.0455342723300618,0.19238374527129862
17,3,1680.0,336.0,298650,32.405598958333336,1237.1455049623305,655.746,0.7352686667893055,485.26333835593505,332.9727306211284,-11.952711526014056,0.32832149147967726,11.957219903718284,0.027742982288825057,1.0430042658798475,0.3147676992747519
18,3,1776.0,336.0,685337,74.36382378472223,1317.4656772901506,614.762,1.8945276251712493,478.6077170793347,324.7108050491948,-5.669943173011241,0.38773331581212034,5.6831850849121075,0.3747249335572878,1.0643691472239352,0.3607352949264977
19,3,1872.0,336.0,420318,45.607421875,1331.5060154097612,571.458,1.9524927439161417,553.7869303717662,332.58641314433356,-0.546038084014171,-0.138901855224141,0.5634281804973684,0.05549599282212016,1.0111184829703659,0.4983966735502084
20,3,1968.0,336.0,551762,59.87000868055556,1357.2962051518589,534.34,1.8455623829959786,592.4016333129139,319.04487804524416,0.39213833022753875,-0.27814709696365014,0.4807684240702049,0.12721909090498437,1.001152917524563,0.712324962640802
21,3,2064.0,336.0,82396,8.940538194444445,1373.6712071095685,468.611,1.6829023065910023,646.5794698771786,323.0816423127336,-2.634566430692111,19.825173822188262,19.999461426691184,28.588455671430072,0.8290396156637254,0.15022154504226315
22,3,2160.0,336.0,16073,1.7440321180555556,1435.2488330118833,342.566,0.9203890636615166,697.5022086729298,319.401480744105,-24.844485540969174,1.7272872062665172,24.90445708880959,11.219031346273454,0.6234202720558806,0.019039408821198676
23,3,2256.0,336.0,116115,12.599283854166666,1458.5533309736038,280.703,0.8631688522075587,743.3333333333334,318.0123842742109,-1.4753793145204668,0.4242749296738424,1.5351720873128936,1.4333292454302855,0.9342614558750215,0.4633872655944692
24,3,2352.0,336.0,131382,14.255859375,1480.2143427790718,242.039,0.7952109631609239,803.9978003075003,316.2757912042746,1.2584626033259667,0.15922943534611278,1.268496013809508,0.0825659152865722,1.0617671168851088,0.6232625109453996
25,3,2448.0,336.0,138606,15.039713541666666,1508.811585955875,198.735,0.9197149693520701,847.7174220452217,316.64743229008843,2.635724171989743,-0.49535357139117764,2.6818682054681604,0.46448869128331394,1.0408110009551872,0.44915505974657005
26,3,2544.0,336.0,31324,3.3988715277777777,1539.5872891073936,134.552,0.9542712005190521,886.436981228451,325.7613970118759,2.6640794994619057,0.27996236185415313,2.6787494290261926,0.9954477832000249,1.023546036990003,0.531410202694436
27,3,2640.0,336.0,15412,1.6723090277777777,1576.1845271217235,49.49,1.204518031215504,936.9609395276408,318.87152867895145,0.8208543784294804,0.8326245973039903,1.169215818667572,1.612444516323638,1.020137152817596,0.4034695703950193
0,4,48.0,432.0,74497,8.083441840277779,288.4748683839618,511.142,0.39210851719820067,37.063666993301744,426.47561646777723,2.135502036178991,0.8496637573180976,2.2983249219865596,0.1313981640950344,1.0444462731747113,0.5875620651576254
1,4,144.0,432.0,196815,21.355794270833332,379.7224707669639,595.43,0.06325149138180998,80.52839468536443,422.296029266062,2.884755230726327,-0.6192425583758876,2.950470146825217,0.0650797387605808,1.0741810258367865,0.9460619183050262
2,4,240.0,432.0,162895,17.67523871527778,453.52734681236376,671.212,0.15705843404164113,126.82636667792136,427.8077166272752,-3.5005137317723083,-1.0038549476132772,3.6416096910808755,0.39873935620079215,0.9840903507021278,0.5672262393765979
3,4,336.0,432.0,235056,25.505208333333332,513.5660319072902,767.873,0.7145230477801091,187.26749370362808,432.4063201960384,0.9385967292146518,1.1382018473257887,1.47528548604949,0.02094077124215968,1.020566851767384,0.6609350273178684
4,4,432.0,432.0,450656,48.89930555555556,540.6876485789604,818.91,0.9011655542979842,250.90675592913442,426.8426160974224,1.252506141685295,-0.37075511203307343,1.3062277703593814,0.06525556678038974,1.0153271196163032,0.7189681478258636
5,4,528.0,432.0,449680,48.79340277777778,555.3744822518236,879.999,0.8754925282481597,316.01514410247285,425.24018413093756,-1.639141405622965,-1.0711194668323643,1.9580810657005183,0.007680704330758058,1.0149716959735635,0.41827652520603603
6,4,624.0,432.0,60233,6.535698784722222,573.8043576278784,934.129,0.9036829320957349,394.0311125130742,428.52789998837846,-0.6761772538526714,7.784083459242595,7.813396891178759,0.3508899894675859,0.8784588613439469,-0.09667900970412625
7,4,720.0,432.0,54598,5.924262152777778,588.2653311110297,974.34,0.9959373457059235,472.3829627458881,429.2665665408989,-16.309562691679716,0.6006888701021822,16.320620769826604,0.03499435596516074,1.2763290751814789,0.4746918986654944
8,4,816.0,432.0,57954,6.288411458333333,644.6402879697691,1018.417,0.9802651343906095,493.6150912792905,431.53609759464405,-11.910630763737196,-0.16071330955804086,11.911714988109477,0.2159451141298807,1.273877386925331,0.4364042886429363
9,4,912.0,432.0,285421,30.97016059027778,750.5529864971393,1056.308,1.074411068773169,474.49035985439053,428.53010815602215,-0.8077446704448121,0.7083711613318897,1.0743561582821073,0.03311456186227582,1.0056503663335106,0.2779578394773934
10,4,1008.0,432.0,347303,37.684787326388886,788.1540157758499,1071.001,1.5152055142103278,514.5612217573704,419.52273087188996,1.4168320638702454,0.920305359457025,1.6894895832339847,0.3424203527820379,1.0175087897913855,0.4699693373921845
11,4,1104.0,432.0,420224,45.59722222222222,878.6312354315793,733.074,1.1524493160942124,494.8322204348157,425.49192097547973,-5.958879999430003,0.8815195545975669,6.0237303701896225,0.09568059032440251,0.9891789120579928,0.2726958563758267
12,4,1200.0,432.0,400253,43.43023003472222,971.2231418227972,711.423,2.016241787992676,449.2080908825168,423.65072091901874,21.8677350022285,5.884084906408809,22.64553574799054,0.02703012403337381,0.9005191838639026,0.0464941928577092
13,4,1296.0,432.0,355247,38.54676649305556,1017.073936027609,674.305,1.9809313607296544,470.4956495058368,424.6825110416133,-0.9094008105217668,0.4731478272104255,1.0251237489062446,0.19133177806297164,1.0102904677823734,0.4776159135831727
14,4,1392.0,432.0,427537,46.39073350694444,1102.8329515106293,620.949,0.8995315501489719,432.3496258803332,416.72316080245685,-1.0893537547968393,0.0365979033797359,1.089968352578076,0.09498788966738206,1.0092602653367226,0.7620034569667445
15,4,1488.0,432.0,592950,64.33919270833333,1137.8416931764905,634.095,0.8001036809977752,457.5051690699047,417.56162071000927,-4.450634117010651,-0.23756744321018886,4.4569700844377005,0.0418518471156042,1.0237842458637165,0.6678011930651135
16,4,1584.0,432.0,638005,69.22797309027777,1221.3753735158816,657.293,0.5489512294886759,431.9802368319998,418.0010109638639,-3.6063258712323076,-0.3463368556149504,3.6229180927915983,0.10288405818372388,1.014905945233057,0.3999856070925792
17,4,1680.0,432.0,564705,61.2744140625,1255.3650991544257,655.746,0.9003571448001629,465.3064414163147,416.1399243852985,-3.4721046822353543,0.08494216720141168,3.4731435467267318,0.11822390927877162,1.0416811673995365,0.6775392687155141
18,4,1776.0,432.0,633640,68.75434027777777,1311.848808002967,614.762,1.802387342186968,482.9480698819519,414.0445126570292,-7.060230065511469,0.08024461084301748,7.060686069747148,0.06334263350473275,1.0592539656504052,0.46437585617726046
19,4,1872.0,432.0,432689,46.94976128472222,1339.7954102669585,571.458,1.9028397324842738,532.6299605490318,412.02151660892696,-5.61874670318894,-0.23421276179132633,5.623626066194524,0.06505115093617198,0.9936469916039271,0.5628599068149924
20,4,1968.0,432.0,341178,37.020182291666664,1362.7379421123285,534.34,1.79550728525588,591.6037405694389,415.01452614177936,-1.5189595444997508,-0.010781757525002433,1.5189978091235743,0.06794054241183956,1.0090312041198235,0.7000615104205079
21,4,2064.0,432.0,180196,19.55251736111111,1399.0603487313813,468.611,1.4902394432353314,634.1893105285355,420.24391773402294,-15.378268836673932,-1.175079112387884,15.423098370087216,0.3030339013769076,1.0500086398846697,0.21381225436925888
22,4,2160.0,432.0,91425,9.920247395833334,1403.434494744326,343.339,1.4471887186965782,710.0278260869566,419.7216516270167,-4.497195330386745,0.07798140642370299,4.497871378707951,0.1651147096409559,0.9723717549079224,0.39061945531931186
23,4,2256.0,432.0,102390,11.110026041666666,1457.5452101670085,280.703,0.8641253679596627,745.3449653286453,413.55560113292313,-0.18860762129678932,-0.03777906732954506,0.19235408168147458,0.21123238631994778,0.9978966679986995,0.6743360873725679
24,4,2352.0,432.0,143273,15.54611545138889,1480.5116157126604,242.039,0.7946481801259172,798.625491195131,411.6827804261794,1.7111702958669994,-0.10959498985587146,1.7146763085956087,0.14343624886524306,1.0425991664096488,0.6123268488380644
25,4,2448.0,432.0,57971,6.290256076388889,1507.2254415311104,198.735,0.9156522640695259,849.5473943868486,410.3081368270342,6.022689232602438,-0.07248820663632927,6.023125445531307,1.3429351226422295,0.8338975088771294,0.2619889477888743
26,4,2544.0,432.0,47638,5.169053819444445,1539.9474826189178,134.552,0.9542106315991264,890.595092153323,410.3114530416894,2.306174738471867,-0.5547392622537188,2.3719564864161367,0.7628480236486489,1.050221532796728,0.6738372291955683
27,4,2640.0,432.0,11695,1.2689887152777777,1576.0486102607952,50.264,1.2044045609927059,936.8083796494228,409.6447199657973,0.9517605612766147,0.998118248729007,1.3791621385636412,0.7086407578235289,0.9947301376795157,0.5494783806304137
0,5,48.0,528.0,32951,3.575412326388889,259.0613946162484,511.142,0.050973915938541156,30.09171193590483,518.2240296197384,1.878465490221835,0.22564058089137262,1.8919688870854496,0.11534246976602164,1.049441488452343,0.5637322748597298
1,5,144.0,528.0,105390,11.435546875,382.2332531264826,595.43,0.0464680659828053,82.87827118322421,515.7903406395294,2.8324928327187493,-0.8103232465799977,2.9461227760144406,0.10873962925512001,1.1232518603837838,0.8714404013007879
2,5,240.0,528.0,80551,8.740342881944445,446.3398208588348,671.212,0.16130305568372877,136.7223374011496,518.9467914737247,4.412041195196309,-0.5945974175278224,4.451926953246205,0.07539982441633432,0.9578955704387666,0.2877178839925263
3,5,336.0,528.0,145351,15.771592881944445,519.5975367833727,767.873,0.7750395530749914,181.10797311336006,523.6104051571713,0.4876340271391655,-0.7823719386528438,0.921896303721503,0.04882206564225142,0.982895982380818,0.31067370540565914
4,5,432.0,528.0,180736,19.61111111111111,553.304769038819,818.91,0.9016677143661218,232.86584853045326,526.6401878983711,-0.7026227160706995,-0.9393816322139585,1.1730799342242317,0.3170653987178105,0.9898120280732673,0.5105025151537524
5,5,528.0,528.0,128989,13.996202256944445,581.4602038856026,879.999,0.9955440316815257,306.6743598291327,524.3257952228485,-3.6965309945595166,-0.5034782979152368,3.73066103930802,0.1141180239655879,1.0409573446363858,0.6782779516652226
6,5,624.0,528.0,144437,15.672417534722221,633.3534262550454,934.903,1.040146107586915,351.1569127024239,536.7421505569903,-7.927576192306191,0.05566388830149549,7.927771613340079,0.137825843168994,1.1327305127828717,0.3762908538596498
7,5,720.0,528.0,301302,32.693359375,649.1881575794386,975.113,1.0125910737029364,411.6948145050481,550.671575362925,-9.726527690250286,0.018421734304254755,9.726545135324276,0.19744513240513029,0.9878598633915661,0.405184268951416
8,5,816.0,528.0,207523,22.517686631944443,653.2515231468319,1018.417,0.9777233084187601,481.34467986680994,548.393681664201,-11.20261205360557,-0.283791627583426,11.206206071256911,0.4223263834027387,1.0294284112868375,0.30957094372974503
9,5,912.0,528.0,228532,24.79730902777778,726.0367305716486,1056.308,0.6159952687863686,507.30726550329933,519.4865445539356,-13.675447748072834,-0.3490795137809002,13.679902324841791,0.13061202912354475,1.1680098075303504,0.22207905600468317
10,5,1008.0,528.0,291712,31.65277777777778,786.131393374287,1071.774,1.491570145367249,527.5610910761299,509.77390714129007,-6.41084597810913,0.9181549133775846,6.476260850212675,0.47435960629652346,1.0382258804199063,0.32574466046773726
11,5,1104.0,528.0,355566,38.581380208333336,879.6847464015119,732.301,1.1784336986913448,491.63058335161406,511.2023646805375,-13.695229546838384,0.9275611302407683,13.726604896729876,0.02415872597270848,1.0586947626682703,0.4785492153217395
12,5,1200.0,528.0,290454,31.516276041666668,944.6447032507729,711.423,1.6775508678107844,480.7834355870465,507.3336879505877,-22.735311068630494,0.8375792702546931,22.75073423917023,0.47539048077282364,1.174322595123873,0.3268853670193089
13,5,1296.0,528.0,236439,25.6552734375,1026.9440126924915,674.305,1.8676762644033156,458.19320839624595,508.4149865292951,-2.0840603931355304,1.3226243242101319,2.4683279411837744,0.09426033188171322,1.0178700485613328,0.12458783274309503
14,5,1392.0,528.0,383144,41.57378472222222,1101.394787492431,620.949,0.8955781807958985,435.19415937610927,526.5991846407617,-6.275537840307692,-0.44852041762658246,6.291545577214048,0.15737875469984083,1.0264308363602337,0.32318041370146805
15,5,1488.0,528.0,330499,35.86143663194444,1109.274628824898,634.095,0.868141985934465,500.23555593209056,524.636882411142,7.065759394223441,-7.643534492885209,10.409062174902346,0.2551298192436714,0.8909637207204324,0.05087313656177786
16,5,1584.0,528.0,371355,40.294596354166664,1217.6227587349033,657.293,0.5088466993096601,436.9086749875456,522.2442891572754,-7.231296540828353,-0.35754030600686093,7.240130159866989,0.04885134468241868,0.996455359874027,0.5163145247432921
17,5,1680.0,528.0,476618,51.71636284722222,1260.572585594753,655.746,0.959930231745094,455.9968968859758,521.1499943350859,-15.0967064987098,-0.561281265132628,15.107136848747205,0.3415042273526203,0.9832730204146908,0.24948406964540482
18,5,1776.0,528.0,353555,38.36317274305556,1287.206341239694,614.762,1.2710748272921635,506.2021184822729,511.96236794840974,-12.049263855124885,0.03480864308583165,12.049314133678003,0.050058493000384355,1.0594605999970983,0.4369834429687924
19,5,1872.0,528.0,272224,29.538194444444443,1333.186151103503,571.458,1.9335704350247964,551.2421204596214,510.57455624779595,-11.751330386703401,-0.06587803930487013,11.751515041624266,0.18755118117141786,0.9527114099378828,0.47738008283906513
20,5,1968.0,528.0,271085,29.41460503472222,1362.705027246067,534.34,1.795955657606235,589.6720364461331,506.70132615231387,-7.438066425403079,-0.30607474039819493,7.444361214732823,0.38160211921680054,1.0691635603541167,0.3431932983092136
21,5,2064.0,528.0,246620,26.75998263888889,1396.5939997404914,468.611,1.5078126343364224,643.8182669694266,511.41035195847866,-15.922206133865743,0.18121048784685456,15.923237277960082,0.15953386364224412,1.0581598569790327,0.438251370150182
22,5,2160.0,528.0,149508,16.22265625,1414.7034342643872,343.339,1.277212486123565,703.1422398801402,502.71112582604275,-5.6379145447497265,0.15196205768064885,5.63996213470224,0.17236217339553167,0.9753107649165508,0.564046693344911
23,5,2256.0,528.0,83877,9.101236979166666,1453.6302031784637,280.703,0.8651841943932813,734.879120617094,518.7503725693575,-1.3712471892308145,0.5896902285259316,1.49266654668495,0.10356988244499568,1.022328968337237,0.80197907715208
24,5,2352.0,528.0,131720,14.292534722222221,1478.2216093000304,242.039,0.7976619056237765,781.7818098997874,514.5399863346493,1.389917320851815,-0.3326277862627549,1.429164582194069,1.4752796947026197,0.9733246282784321,0.5588643093489938
25,5,2448.0,528.0,78618,8.530598958333334,1507.2684112798595,198.735,0.9157623255636164,853.8982675723117,512.8583657686535,-0.35074216573481465,0.032212496135798574,0.3522182728531372,0.09658022997598056,0.988141729812133,0.534862223909133
26,5,2544.0,528.0,61088,6.628472222222222,1542.858337971451,134.552,0.9541405674599074,895.69881155055,505.0796555788371,-0.38027709135455723,0.1414003812707989,0.40571508972751996,0.10764558156976953,1.0161771893973748,0.8404229742009193
0,6,48.0,624.0,20235,2.1956380208333335,261.71698542129974,510.369,0.045418401211719195,31.238201136644427,617.1033358042995,1.0418352084639864,1.1770917426535945,1.5719305239795027,0.1772300990799884,1.0471740054424028,0.5060571427974436
1,6,144.0,624.0,24832,2.6944444444444446,361.48776538337626,595.43,0.11906483097377372,86.1436050257732,614.0185647551547,2.69363225399907,-0.7421782060511148,2.7940084483267693,0.11182357626766312,1.0661075999229679,0.6784290640304486
2,6,240.0,624.0,42065,4.564344618055555,431.9889964340901,671.212,0.11405220068570632,139.86012124093665,625.5024367050993,1.1019061752103312,-0.9774924682466519,1.472986335457866,0.11823822883625063,1.0325911142942212,0.6441675339721971
3,6,336.0,624.0,140419,15.236436631944445,519.9834590974156,767.873,0.7747108596767286,177.8687641985771,624.9086946923137,-6.412233036803741,-2.8933923708239533,7.034802906252568,0.66171176091945,0.9239634311299162,0.39929037334190476
4,6,432.0,624.0,153930,16.702473958333332,546.5910192360163,818.91,0.9594318976970215,240.91550055219906,613.4073539920743,-1.1583204323670273,-1.826761812213718,2.163045293700824,0.1282746192261926,1.0176294210221153,0.5696435781816641
5,6,528.0,624.0,99539,10.800672743055555,558.2302667999477,879.999,0.8577195021520698,319.56931454002955,618.4182682164779,-3.290554284840823,-1.653309146937879,3.682550561340979,0.7673745903871424,1.097180776779776,0.5048673801744977
6,6,624.0,624.0,99792,10.828125,569.3515708473625,934.903,0.8711953773148423,392.0585618085618,621.9406064614398,-9.131603358048004,-1.4314775818114995,9.243122197393177,0.0790813028875593,1.0399847243019016,0.48124478860861725
7,6,720.0,624.0,122185,13.257921006944445,591.9901363669844,975.113,0.9390157138815056,462.9564512828907,611.9916520031101,-10.263120898155456,-0.6153487853252102,10.281551667805617,0.21239601990406634,1.0273855080266217,0.38029825170007014
8,6,816.0,624.0,131884,14.31032986111111,600.2530778714628,1018.417,1.041355696626743,535.5294122107307,614.7260774620121,-7.9441880116611046,-0.12858449123019966,7.945228576699662,0.2585063496600023,0.9988475258392024,0.24863847552074325
9,6,912.0,624.0,167977,18.226671006944443,683.5403272471826,1056.308,0.6730307825222319,541.7505015567607,617.9830274382803,-8.94365563444886,-0.4588697179214165,8.955419450010933,0.12696673950703177,1.0414485437994498,0.3169767891781198
10,6,1008.0,624.0,117715,12.772894965277779,742.6459206813065,1067.134,0.9532818843011511,575.4683600220873,620.9327018646732,-10.176241900703708,0.5341865499122704,10.190252915985205,0.07478517401978899,1.0509953660902287,0.2757513628651698
11,6,1104.0,624.0,117287,12.726453993055555,876.1476059836128,732.301,1.1151687082887212,498.4793540631101,614.9940743645928,-11.12158730305815,0.9193741226623047,11.159522969955539,0.07368289977522595,1.082802207199802,0.3346853842958808
12,6,1200.0,624.0,117508,12.750434027777779,944.3353642475406,710.649,1.6749323742001128,487.0097440174286,613.8538737788066,-23.536648389692175,0.21894179322096363,23.537666684036846,0.08331814711309768,1.055969713243312,0.20741267129778862
13,6,1296.0,624.0,94052,10.20529513888889,1012.0290568408965,674.305,1.9670897989009142,478.5576489601497,623.4667099051588,-7.569022927403175,-0.19217587503963784,7.5714621865596206,0.16986183298147617,1.0816537685754986,0.18849079041845268
14,6,1392.0,624.0,133103,14.44259982638889,1093.5870307731607,620.949,0.8775927457340992,447.7138306424348,606.9644936628025,-9.170243316829229,-0.7642551192711124,9.202035012820982,0.7640088894005451,1.0498455591118785,0.38568690543373424
15,6,1488.0,624.0,175048,18.99392361111111,1120.4569471516384,634.095,0.8745368483066208,485.3985478268818,601.0698208491385,5.354865757785724,3.4385335478440737,6.363811769965799,1.3515089185949658,0.9560357584689434,0.02192224996785323
16,6,1584.0,624.0,143996,15.624565972222221,1186.0973862676742,657.293,0.3575951743540331,475.5166532403678,598.7692435900997,-3.048646970355385,1.153559974356554,3.259593374072073,0.22404208051018296,0.98675004187782,0.07571608242061403
17,6,1680.0,624.0,200844,21.79296875,1296.3199185337874,655.746,1.4732387437972796,412.29488558284044,595.739927505925,11.41772126172367,8.592673833922042,14.289800643346474,0.07446723545783758,0.9663826065161155,0.031801971710390516
18,6,1776.0,624.0,357408,38.78125,1290.3046129773256,614.762,1.3298125573038315,504.82530329483393,621.1709418927388,-18.04447307028623,-0.10358164962211447,18.04477036546665,0.18471987881345228,1.0029983781803384,0.12267900444567204
19,6,1872.0,624.0,235244,25.52560763888889,1314.8762030189932,571.458,1.8549267416898378,565.691044192413,607.453023243951,-15.072633077237903,0.6498982417555865,15.08663765077173,0.10757602400385546,1.0061548365258495,0.41231300516260994
20,6,1968.0,624.0,175688,19.063368055555557,1355.71127311484,534.34,1.8476748741210562,599.7972200719457,601.418480488138,-18.63299988217308,0.1642829036457556,18.63372409051643,0.04358325261565028,1.0847347448295412,0.26476821675896645
21,6,2064.0,624.0,140135,15.205620659722221,1392.9204975487924,467.838,1.5241593634184967,648.6167695436543,595.1205551789346,-9.081190943235036,0.6473250668586417,9.104233009412576,0.9551688969942971,1.1262509332354549,0.2584834841804372
22,6,2160.0,624.0,99296,10.774305555555555,1420.071161648002,343.339,1.1607956441968008,694.5420661456654,604.560949081534,-4.128391840349536,-0.1361702109289027,4.130636938028935,0.24271462949048037,1.0580314551281684,0.37273323887752163
23,6,2256.0,624.0,58868,6.387586805555555,1447.286103196983,280.703,0.8674330529359607,741.768023374329,599.6196405517429,-4.054566219396428,0.14449011722987848,4.057139955861486,0.04963228216258999,1.0501066270315682,0.615994976212581
24,6,2352.0,624.0,40503,4.394856770833333,1473.3884425104313,242.039,0.7976071784993782,797.18457892008,603.5005555144063,-2.2443473038838775,0.3664074958520871,2.2740600857205657,1.0185753677091154,1.062367232654569,0.6688516326248646
25,6,2448.0,624.0,49328,5.352430555555555,1508.1036679776191,198.735,0.9179017283476801,853.4425883879338,592.6399002594875,-0.7613645573405705,0.7199552770101221,1.0478604821583475,0.2032647824051559,0.9885148763406885,0.711497131942047
26,6,2544.0,624.0,32054,3.4780815972222223,1543.890356273788,134.552,0.9571976995063683,895.7510139140201,591.5856367380046,-0.18955296939694932,0.18804795644523153,0.2670062960501653,0.14148319984194377,1.0546945391271185,0.827200124040246
0,7,48.0,720.0,19162,2.0792100694444446,280.57020733743866,510.369,0.2952334633781369,32.38978185993111,691.062049890408,4.580428002866604,8.00095239843644,9.219303659793963,4.441248211295655,0.8426794026163112,0.15972193164957893
1,7,144.0,720.0,15858,1.720703125,356.2961437129524,593.884,0.1147654933711599,73.79732627065204,695.680981208223,11.713371739173915,-11.263838203951735,16.250450104070374,11.668124558285756,0.7613643098441296,0.11895064161055618
2,7,240.0,720.0,39534,4.289713541666667,451.4867074922851,669.666,0.1593218458000555,138.41743815449993,690.3426923660646,-2.853316566288555,-0.6218837903604779,2.9203004770348246,0.30845003177643393,0.9720149428994611,0.4254533664012949
3,7,336.0,720.0,102607,11.13357204861111,512.9831908934088,767.873,0.7032909210048892,182.14757277768572,691.3921077509332,-0.47716297424016574,0.6628333462700482,0.8167206063968698,0.2060652255164607,1.0029766251265029,0.32581911029087174
4,7,432.0,720.0,48793,5.294379340277778,549.6399115241941,816.59,0.9535373022580071,235.7215379255221,695.7899698727276,-2.838839837954602,3.3252503941683145,4.372219323121227,0.4318247412278381,1.0685376569962588,0.18009603168401453
5,7,528.0,720.0,39764,4.314670138888889,552.4922871441505,879.999,0.9159570962237079,315.0855799215371,695.8254702746202,15.269700449053673,-0.4855036613111636,15.27741685001023,0.46041886591613984,0.875697856519504,0.08718681418233448
6,7,624.0,720.0,51155,5.550672743055555,575.1385401036066,934.129,0.9180555777263758,387.3284722900987,695.2288534845079,-8.00693814464453,-1.6744812839303052,8.180155623360504,0.3704202423828432,1.1098044520511017,0.5079332379003366
7,7,720.0,720.0,54642,5.929036458333333,592.8456756890305,974.34,0.9316775717303534,460.82698290692144,694.03532081549,-14.738695087208534,-2.6789916696514453,14.980191228411165,0.28385877641272517,1.1217483581874126,0.3716538842353556
8,7,816.0,720.0,58983,6.400065104166667,615.7830935354255,1017.644,0.979174767582736,527.8835935778105,691.9503246698201,-9.781321363614857,-1.5154238313645862,9.898017832221568,0.09725175556883,1.0874122071777235,0.3648102519412835
9,7,912.0,720.0,60045,6.515299479166667,653.2113983845449,1056.308,0.9785421519557654,575.9734698975768,692.7069364643185,-2.3185981002347447,3.972716615095351,4.599823306852866,0.21414965242662215,0.9150682757030716,0.11266075053976642
10,7,1008.0,720.0,52347,5.680013020833333,776.1013988767265,1069.455,1.3137794642003369,533.7567195827841,692.0806158901179,8.470753097633498,-1.9317653679427949,8.688232011050962,0.26857948639414964,0.8855830348014614,0.2194725532705585
11,7,1104.0,720.0,50668,5.497829861111111,860.708502565722,732.301,1.1052750928002506,518.8710231309702,691.8049853951212,-11.666516667436724,0.18299893815464685,11.667951823818292,0.47457616327567276,1.0385906343955191,0.2824267453203599
12,7,1200.0,720.0,53875,5.845811631944445,954.69076187471,709.877,1.8274538358136523,476.5228584686775,693.2944779582367,11.910753158555686,-36.5395099864634,38.4317815207011,0.319067472198009,0.7988580883483574,-0.005012488820486599
13,7,1296.0,720.0,48342,5.245442708333333,1008.4138212941128,673.532,1.929255736657898,486.9266476355964,689.8367672003641,-1.4962511290138139,-5.9359602364593655,6.121633063970907,0.03554651173945008,0.8878862030719302,0.04419259892569648
14,7,1392.0,720.0,43399,4.709092881944445,1094.3095092283231,620.949,0.8670947442336852,437.9666351759257,691.198276457983,-13.365986910092694,4.364240903242852,14.060448241158857,0.1577524388985139,1.0012391807477166,0.18285831229554284
15,7,1488.0,720.0,48164,5.226128472222222,1140.7033701727432,633.321,0.7970662375415893,461.2806245328461,693.1843908313263,-5.436726116910613,5.475373409120046,7.716067964941524,0.09140610861680735,0.8920174361264631,0.04165730790959464
16,7,1584.0,720.0,47161,5.117296006944445,1190.2437447679226,657.293,0.3808138901724935,473.9916032314836,693.7021903691609,0.9546044027495952,-9.648538410969834,9.695646602146203,0.7332358181240262,0.8729697617356947,0.0086484354817205
17,7,1680.0,720.0,48020,5.210503472222222,1289.95664364848,654.973,1.322773193006597,417.4465847563515,690.346397334444,21.063021007289887,1.6474434882401638,21.127350141474913,0.2798183817275757,0.9017133967501837,0.057777755635066166
18,7,1776.0,720.0,108612,11.78515625,1312.986350384856,614.762,1.8223776420103597,473.5052572459765,688.399440209185,-8.745739106443303,6.458471463855254,10.871973425620775,0.10782382632526562,0.9638850436097122,0.010183676249451108
19,7,1872.0,720.0,89177,9.676323784722221,1319.7038229924758,571.458,1.9290823809035156,562.11600524799,689.8304831963399,-9.35397473272726,4.192917546093547,10.250726844904177,0.24891412619342773,0.9171250987097188,0.06642211430395643
20,7,1968.0,720.0,57213,6.2080078125,1376.4870032160522,534.34,1.6509436836159688,570.5770716445563,689.4046108401936,-13.352258360227786,0.445019515347866,13.35967236451977,0.2911281515406408,1.0710850016012579,0.3003312631820639
21,7,2064.0,720.0,45106,4.894314236111111,1400.076807143174,467.838,1.4819828090069436,640.8684432226312,685.8058573138828,-12.177470265781018,0.8607898079052276,12.207855715373373,0.3407598101684507,1.015019170572771,0.41044256691303516
22,7,2160.0,720.0,49754,5.398654513888889,1427.3716320094866,342.566,1.0261365309139336,682.3384049523656,677.3601318486956,-11.261615909573926,0.1605373471187903,11.2627601028606,0.14577884109563993,1.0347025666221599,0.3206857760540313
23,7,2256.0,720.0,20472,2.2213541666666665,1460.9276862543963,280.703,0.8591399308871384,739.8394392340758,691.0723915592029,-9.216401727791485,0.8033304697068502,9.251345883253814,0.9666184152909575,1.0579003534982994,0.5296140193111367
24,7,2352.0,720.0,19921,2.1615668402777777,1477.8903608252597,242.039,0.796831640777867,801.9348928266653,686.6884192560615,-2.6636332162283978,0.9969343327766964,2.844085085658331,0.19207133657947875,1.081524000339313,0.6717339470568631
25,7,2448.0,720.0,18541,2.0118272569444446,1506.739704600615,198.735,0.9144081112908512,845.5014831993959,688.6750984305054,-2.00303773609253,0.93714833587903,2.2114265024303936,0.05572891999560894,1.0284595744680851,0.6100299714340104
