t_ms,theta_ref_deg,theta_ecc_deg,theta_tracker_deg,theta_fused_earlier_deg,band_min_deg,band_max_deg
2,0.000,0.000,0.000,0.000,0.000,0.000
6,0.000,0.000,0.000,0.000,0.000,0.000
10,0.000,0.000,0.000,0.000,0.000,0.000
14,0.000,0.000,0.000,0.000,0.000,0.000
18,0.000,0.000,0.000,0.000,0.000,0.000
22,0.000,0.000,0.000,0.000,0.000,0.000
26,0.000,0.000,0.000,0.000,0.000,0.000
30,0.000,0.000,0.000,0.000,0.000,0.000
34,0.000,0.000,0.000,0.000,0.000,0.000
38,0.000,0.000,0.000,0.000,0.000,0.000
42,0.000,0.000,0.000,0.000,0.000,0.000
46,0.000,0.000,0.000,0.000,0.000,0.000
50,0.000,0.000,0.000,0.000,0.000,0.000
54,0.000,0.000,0.000,0.000,0.000,0.000
58,0.000,0.000,0.000,0.000,0.000,0.000
62,0.000,0.000,0.000,0.000,0.000,0.000
66,0.000,0.000,0.000,0.000,0.000,0.000
70,0.000,0.000,0.000,0.000,0.000,0.000
74,0.000,0.000,0.000,0.000,0.000,0.000
78,0.000,0.000,0.000,0.000,0.000,0.000
82,0.000,0.000,0.000,0.000,0.000,0.000
86,0.000,0.000,0.000,0.000,0.000,0.000
90,0.001,0.000,0.000,0.000,0.000,0.001
94,0.001,0.000,0.000,0.000,0.000,0.001
98,0.001,0.000,0.000,0.000,0.000,0.001
102,0.001,0.000,0.000,0.000,0.000,0.001
106,0.001,0.000,0.000,0.000,0.000,0.001
110,0.002,0.000,0.000,0.000,0.000,0.002
114,0.002,0.000,0.000,0.000,0.000,0.002
118,0.003,0.000,0.000,0.000,0.000,0.003
122,0.004,0.000,0.000,0.000,0.000,0.004
126,0.005,0.000,0.000,0.000,0.000,0.005
130,0.006,0.000,0.000,0.000,0.000,0.006
134,0.007,0.000,0.000,0.000,0.000,0.007
138,0.009,0.000,0.000,0.000,0.000,0.009
142,0.012,0.000,0.000,0.000,0.000,0.012
146,0.015,0.000,0.000,0.000,0.000,0.015
150,0.019,0.000,0.000,0.000,0.000,0.019
154,0.024,0.000,0.000,0.000,0.000,0.024
158,0.030,0.000,0.000,0.000,0.000,0.030
162,0.038,0.000,0.000,0.000,0.000,0.038
166,0.048,0.000,0.000,0.000,0.000,0.048
170,0.062,0.000,0.000,0.000,0.000,0.062
174,0.078,0.000,0.000,0.000,0.000,0.078
178,0.099,0.000,0.000,0.000,0.000,0.099
182,0.125,0.000,0.000,0.000,0.000,0.125
186,0.159,0.000,0.000,0.000,0.000,0.159
190,0.201,0.000,0.000,0.000,0.000,0.201
194,0.255,0.000,0.000,0.000,0.000,0.255
198,0.323,0.000,0.000,0.000,0.000,0.323
202,0.407,0.000,0.080,0.071,0.000,0.407
206,0.505,0.000,0.070,0.282,0.000,0.505
210,0.609,0.032,0.050,0.706,0.032,0.706
214,0.717,0.129,0.270,1.341,0.129,1.341
218,0.842,0.245,0.240,1.977,0.240,1.977
222,0.993,0.394,0.460,2.612,0.394,2.612
226,1.168,0.562,0.680,3.247,0.562,3.247
230,1.372,0.763,0.740,3.741,0.740,3.741
234,1.606,0.993,0.880,4.306,0.880,4.306
238,1.870,1.252,1.350,4.941,1.252,4.941
242,2.163,1.542,1.570,5.577,1.542,5.577
246,2.486,1.863,1.790,6.212,1.790,6.212
250,2.840,2.214,2.260,6.847,2.214,6.847
254,3.222,2.591,2.480,7.483,2.480,7.483
258,3.632,2.997,2.950,8.118,2.950,8.118
262,4.075,3.440,3.500,8.824,3.440,8.824
266,4.547,3.906,3.800,9.530,3.800,9.530
270,5.049,4.407,4.350,10.236,4.350,10.236
274,5.579,4.933,4.900,10.942,4.900,10.942
278,6.145,5.496,5.450,11.648,5.450,11.648
282,6.740,6.090,6.000,12.353,6.000,12.353
286,7.366,6.710,6.550,13.059,6.550,13.059
290,8.029,7.375,7.350,13.765,7.350,13.765
294,8.724,8.067,7.900,14.471,7.900,14.471
298,9.454,8.793,8.780,15.248,8.780,15.248
302,10.221,9.559,9.410,16.024,9.410,16.024
306,11.032,10.369,10.290,16.801,10.290,16.801
310,11.880,11.218,11.080,17.718,11.080,17.718
314,12.764,12.102,11.870,18.513,11.870,18.513
318,13.684,13.028,12.830,19.246,12.830,19.246
322,14.632,13.976,13.870,20.040,13.870,20.040
326,15.603,14.949,14.740,20.896,14.740,20.896
330,16.598,15.947,15.860,21.751,15.860,21.751
334,17.610,16.960,16.730,23.279,16.730,23.279
338,18.639,17.988,17.770,24.697,17.770,24.697
342,19.685,19.035,18.810,26.115,18.810,26.115
346,20.750,20.100,19.930,27.642,19.930,27.642
350,21.833,21.180,21.050,29.169,21.050,29.169
354,22.940,22.286,22.250,30.449,22.250,30.449
358,24.076,23.425,23.280,31.813,23.280,31.813
362,25.234,24.584,24.560,33.178,24.560,33.178
366,26.415,25.764,25.590,34.542,25.590,34.542
370,27.620,26.977,26.870,35.907,26.870,35.907
374,28.847,28.199,28.070,37.186,28.070,37.186
378,30.096,29.451,29.350,38.550,29.350,38.550
382,31.366,30.721,30.710,40.000,30.710,40.000
386,32.627,31.975,31.990,41.364,31.975,41.364
390,33.675,33.114,33.260,42.985,33.114,42.985
394,35.087,34.599,34.530,44.605,34.530,44.605
398,36.428,35.929,35.890,46.055,35.890,46.055
402,37.780,37.279,37.330,47.590,37.279,47.590
406,39.155,38.652,38.770,49.125,38.652,49.125
410,40.553,40.051,40.210,50.660,40.051,50.660
414,41.972,41.466,41.650,52.195,41.466,52.195
418,43.426,42.923,43.090,53.730,42.923,53.730
422,44.913,44.410,44.530,55.265,44.410,55.265
426,46.431,45.928,46.050,56.885,45.928,56.885
430,47.983,47.483,47.730,58.676,47.483,58.676
434,49.572,49.074,49.410,60.467,49.074,60.467
438,51.190,50.695,51.010,62.172,50.695,62.172
442,52.835,52.344,52.690,63.963,52.344,63.963
446,54.508,54.017,54.450,65.839,54.017,65.839
450,56.207,55.718,56.290,67.801,55.718,67.801
454,57.929,57.439,58.130,69.762,57.439,69.762
458,59.679,59.192,59.890,71.638,59.192,71.638
462,61.459,60.977,61.900,73.515,60.977,73.515
466,63.257,62.775,63.740,75.476,62.775,75.476
470,65.078,64.599,65.490,77.608,64.599,77.608
474,66.924,66.444,67.490,79.154,66.444,79.154
478,68.793,68.321,69.410,80.638,68.321,80.638
482,70.677,70.211,71.250,82.061,70.211,82.061
486,72.573,72.111,73.420,83.545,72.111,83.545
490,74.478,74.018,75.420,85.091,74.018,85.091
494,76.388,75.932,77.420,86.338,75.932,86.338
498,78.303,77.853,79.500,87.635,77.853,87.635
502,80.217,79.773,81.500,88.882,79.773,88.882
506,82.123,81.682,83.500,90.128,81.682,90.128
510,84.018,83.582,85.500,91.375,83.582,91.375
514,85.902,85.467,87.420,93.212,85.467,93.212
518,87.774,87.343,89.420,95.125,87.343,95.125
522,89.636,89.204,91.250,97.115,89.204,97.115
526,91.490,91.060,93.330,99.105,91.060,99.105
530,93.336,92.913,95.160,101.095,92.913,101.095
534,95.170,94.746,97.240,102.863,94.746,102.863
538,97.000,96.575,99.070,104.631,96.575,104.631
542,98.826,98.408,100.990,106.263,98.408,106.263
546,100.649,100.227,102.830,107.827,100.227,107.827
550,102.478,102.061,104.670,109.391,102.061,109.391
554,104.310,103.890,106.680,111.324,103.890,111.324
558,106.157,105.748,108.440,113.257,105.748,113.257
562,108.008,107.602,110.450,115.191,107.602,115.191
566,109.867,109.457,112.210,117.124,109.457,117.124
570,111.745,111.342,114.220,119.057,111.342,119.057
574,113.642,113.243,115.980,120.919,113.243,120.919
578,115.556,115.163,117.990,122.782,115.163,122.782
582,117.485,117.097,119.830,124.729,117.097,124.729
586,119.431,119.055,121.830,126.846,119.055,126.846
590,121.383,121.011,123.660,129.047,121.011,129.047
594,123.337,122.974,125.660,130.966,122.974,130.966
598,125.290,124.933,127.830,132.808,124.933,132.808
602,127.240,126.892,129.670,134.574,126.892,134.574
606,129.183,128.842,131.760,136.340,128.842,136.340
610,131.114,130.783,133.680,138.182,130.783,138.182
614,133.025,132.696,135.600,140.025,132.696,140.025
618,134.923,134.599,137.600,141.944,134.599,141.944
622,136.806,136.490,139.350,143.863,136.490,143.863
626,138.671,138.357,141.190,145.629,138.357,145.629
630,140.522,140.208,143.030,147.395,140.208,147.395
634,142.367,142.052,144.950,149.237,142.052,149.237
638,144.218,143.896,146.870,151.080,143.896,151.080
642,146.093,145.824,148.710,152.845,145.824,152.845
646,147.798,147.706,150.470,154.534,147.706,154.534
650,149.551,149.529,152.310,156.300,149.529,156.300
654,151.486,151.460,154.310,158.219,151.460,158.219
658,153.452,153.435,156.310,160.138,153.435,160.138
662,155.444,155.437,158.230,161.981,155.437,161.981
666,157.453,157.457,160.230,163.900,157.453,163.900
670,159.472,159.489,162.310,165.896,159.472,165.896
674,161.487,161.519,164.310,167.815,161.487,167.815
678,163.486,163.531,166.310,169.735,163.486,169.735
682,165.456,165.516,168.230,171.577,165.456,171.577
686,167.380,167.446,170.070,173.343,167.380,173.343
690,169.262,169.338,171.990,175.185,169.262,175.185
694,171.096,171.177,173.830,176.951,171.096,176.951
698,172.877,172.963,175.510,178.563,172.877,178.563
702,174.608,174.699,177.440,180.175,174.608,180.175
706,176.295,176.393,178.870,181.787,176.295,181.787
710,177.935,178.037,180.720,183.323,177.935,183.323
714,179.527,179.631,182.070,184.858,179.527,184.858
718,181.082,181.188,183.760,186.240,181.082,186.240
722,182.604,182.718,185.120,187.545,182.604,187.545
726,184.092,184.203,186.560,188.927,184.092,188.927
730,185.559,185.673,188.000,190.309,185.559,190.309
734,187.010,187.131,189.360,191.614,187.010,191.614
738,188.444,188.570,190.640,192.842,188.444,192.842
742,189.860,189.997,192.170,194.070,189.860,194.070
746,191.254,191.405,193.450,195.299,191.254,195.299
750,192.615,192.787,194.810,196.604,192.615,196.604
754,193.617,193.941,195.920,197.909,193.617,197.909
758,194.905,195.421,197.370,199.060,194.905,199.060
762,196.045,196.613,198.490,200.135,196.045,200.135
766,197.054,197.659,199.530,201.133,197.054,201.133
770,197.886,198.506,200.410,201.978,197.886,201.978
774,198.528,199.136,200.960,201.962,198.528,201.962
778,199.016,199.608,201.600,201.950,199.016,201.950
782,199.374,199.948,201.990,201.938,199.374,201.990
786,199.616,200.177,202.210,201.925,199.616,202.210
790,199.783,200.331,202.430,201.911,199.783,202.430
794,199.896,200.436,202.480,203.209,199.896,203.209
798,199.962,200.493,202.290,204.118,199.962,204.118
802,200.001,200.529,202.540,204.118,200.001,204.118
806,200.028,200.542,202.450,204.377,200.028,204.377
810,200.056,200.602,202.670,205.545,200.056,205.545
814,200.068,200.600,202.630,205.365,200.068,205.365
818,200.077,200.604,202.920,205.170,200.077,205.170
822,200.090,200.630,202.650,205.080,200.090,205.080
826,200.100,200.633,202.650,205.080,200.100,205.080
830,200.109,200.633,202.650,205.080,200.109,205.080
834,200.125,200.633,202.650,205.080,200.125,205.080
838,200.152,200.664,202.480,205.029,200.152,205.029
842,200.187,200.693,202.720,204.876,200.187,204.876
846,200.233,200.742,202.540,204.673,200.233,204.673
850,200.285,200.807,202.690,204.418,200.285,204.418
854,200.330,200.842,202.840,204.524,200.330,204.524
858,200.377,200.891,202.910,204.608,200.377,204.608
862,200.423,200.949,202.730,204.692,200.423,204.692
866,200.452,200.971,202.810,204.713,200.452,204.713
870,200.481,201.014,202.980,204.692,200.481,204.692
874,200.501,201.037,202.900,204.671,200.501,204.671
878,200.518,201.058,202.900,204.671,200.518,204.671
882,200.534,201.073,202.900,204.671,200.534,204.671
886,200.558,201.102,202.900,204.671,200.558,204.671
890,200.589,201.139,202.900,204.671,200.589,204.671
894,200.629,201.176,202.980,204.692,200.629,204.692
898,200.678,201.241,203.050,204.777,200.678,204.777
902,200.720,201.281,203.220,204.756,200.720,204.756
906,200.771,201.337,203.220,204.756,200.771,204.756
910,200.830,201.402,203.200,204.882,200.830,204.882
914,200.885,201.452,203.260,204.929,200.885,204.929
918,200.947,201.523,203.400,204.982,200.947,204.982
922,201.002,201.571,203.380,205.021,201.002,205.021
926,201.056,201.636,203.530,205.055,201.056,205.055
930,201.099,201.689,203.610,205.061,201.099,205.061
934,201.127,201.711,203.540,205.432,201.127,205.432
938,201.155,201.749,203.710,205.802,201.155,205.802
942,201.178,201.776,203.540,206.173,201.178,206.173
946,201.193,201.795,203.540,206.543,201.193,206.543
950,201.200,201.797,203.540,206.914,201.200,206.914
954,201.206,201.797,203.710,206.773,201.206,206.773
958,201.223,201.813,203.800,206.632,201.223,206.632
962,201.256,201.849,203.630,206.492,201.256,206.492
966,201.306,201.891,203.700,206.351,201.306,206.351
970,201.381,201.974,203.930,206.211,201.381,206.211
974,201.467,202.065,203.820,206.113,201.467,206.113
978,201.560,202.157,203.960,206.016,201.560,206.016
982,201.661,202.258,204.100,205.919,201.661,205.919
986,201.769,202.368,204.240,205.821,201.769,205.821
990,201.883,202.482,204.380,205.724,201.883,205.724
994,202.004,202.604,204.520,205.542,202.004,205.542
998,202.129,202.728,204.410,205.360,202.129,205.360
1002,202.261,202.857,204.550,205.178,202.261,205.178
1006,202.402,203.000,204.690,204.996,202.402,204.996
1010,202.553,203.147,204.910,204.791,202.553,204.910
1014,202.717,203.310,205.130,205.387,202.717,205.387
1018,202.897,203.491,205.270,205.916,202.897,205.916
1022,203.091,203.685,205.330,206.380,203.091,206.380
1026,203.296,203.886,205.640,206.843,203.296,206.843
1030,203.514,204.098,205.780,207.373,203.514,207.373
1034,203.760,204.340,205.920,208.054,203.760,208.054
1038,204.035,204.616,206.310,208.734,204.035,208.734
1042,204.337,204.923,206.450,209.415,204.337,209.415
1046,204.658,205.246,206.760,210.010,204.658,210.010
1050,204.996,205.585,207.240,210.521,204.996,210.521
1054,205.348,205.927,207.550,210.690,205.348,210.690
1058,205.727,206.293,207.860,210.860,205.727,210.860
1062,206.164,206.713,208.170,211.029,206.164,211.029
1066,206.680,207.209,208.560,211.223,206.680,211.223
1070,207.302,207.828,209.280,211.441,207.302,211.441
1074,208.042,208.592,209.830,211.755,208.042,211.755
1078,208.872,209.467,210.630,212.070,208.872,212.070
1082,209.743,210.363,211.680,212.385,209.743,212.385
1086,210.633,211.268,212.480,212.700,210.633,212.700
1090,211.480,212.122,213.360,213.046,211.480,213.360
1094,212.212,212.917,213.900,213.904,212.212,213.904
1098,213.109,213.850,214.860,214.696,213.109,214.860
1102,213.928,214.657,215.660,215.356,213.928,215.660
1106,214.728,215.447,216.460,216.016,214.728,216.460
1110,215.528,216.240,217.260,216.676,215.528,217.260
1114,216.345,217.050,218.060,217.625,216.345,218.060
1118,217.191,217.891,218.690,218.669,217.191,218.690
1122,218.083,218.780,219.570,219.713,218.083,219.713
1126,219.024,219.721,220.450,220.757,219.024,220.757
1130,220.018,220.718,221.490,221.990,220.018,221.990
1134,221.067,221.767,222.360,223.596,221.067,223.596
1138,222.168,222.870,223.480,225.201,222.168,225.201
1142,223.318,224.022,224.680,226.921,223.318,226.921
1146,224.518,225.225,225.710,228.756,224.518,228.756
1150,225.770,226.477,226.990,230.590,225.770,230.590
1154,227.068,227.784,228.100,232.122,227.068,232.122
1158,228.404,229.125,229.460,233.654,228.404,233.654
1162,229.771,230.505,230.740,235.096,229.771,235.096
1166,231.153,231.893,232.180,236.718,231.153,236.718
1170,232.542,233.287,233.620,238.340,232.542,238.340
1174,233.930,234.686,234.980,239.587,233.930,239.587
1178,235.305,236.065,236.340,240.835,235.305,240.835
1182,236.665,237.426,237.620,242.009,236.665,242.009
1186,238.011,238.780,238.900,243.183,238.011,243.183
1190,239.335,240.098,240.180,244.358,239.335,244.358
1194,240.652,241.406,241.460,246.350,240.652,246.350
1198,241.974,242.725,242.820,248.467,241.974,248.467
1202,243.311,244.058,244.180,250.584,243.311,250.584
1206,244.676,245.424,245.540,252.701,244.676,252.701
1210,246.067,246.815,246.980,254.942,246.067,254.942
1214,247.486,248.243,248.250,257.308,247.486,257.308
1218,248.924,249.692,249.690,259.549,248.924,259.549
1222,250.365,251.141,251.220,261.542,250.365,261.542
1226,251.801,252.584,252.580,263.658,251.801,263.658
1230,253.226,254.020,253.850,266.024,253.226,266.024
1234,254.625,255.427,255.290,265.721,254.625,265.721
1238,255.990,256.796,256.650,265.434,255.990,265.434
1242,257.320,258.134,258.090,265.131,257.320,265.131
1246,258.597,259.412,259.450,264.844,258.597,264.844
1250,259.832,260.649,260.480,264.575,259.832,264.575
1254,261.022,261.843,261.760,265.810,261.022,265.810
1258,262.163,262.986,262.880,266.890,262.163,266.890
1262,263.256,264.083,263.920,267.894,263.256,267.894
1266,264.301,265.134,264.960,268.897,264.301,268.897
1270,265.295,266.123,266.000,269.901,265.295,269.901
1274,266.186,267.011,266.790,270.838,266.186,270.838
1278,266.946,267.804,267.580,271.776,266.946,271.776
1282,267.830,268.694,268.370,272.713,267.830,272.713
1286,268.607,269.455,269.330,273.579,268.607,273.579
1290,269.328,270.172,269.960,274.372,269.328,274.372
1294,270.011,270.850,270.760,275.157,270.011,275.157
1298,270.666,271.504,271.310,275.942,270.666,275.942
1302,271.292,272.126,271.860,276.727,271.292,276.727
1306,271.897,272.728,272.410,277.512,271.897,277.512
1310,272.487,273.313,273.040,278.375,272.487,278.375
1314,273.067,273.893,273.670,278.800,273.067,278.800
1318,273.639,274.467,274.220,279.187,273.639,279.187
1322,274.202,275.028,274.850,279.612,274.202,279.612
1326,274.757,275.577,275.400,279.998,274.757,279.998
1330,275.313,276.139,275.870,280.346,275.313,280.346
1334,275.865,276.685,276.420,280.828,275.865,280.828
1338,276.420,277.241,276.720,281.311,276.420,281.311
1342,276.976,277.796,277.520,281.793,276.976,281.793
1346,277.538,278.356,278.070,282.275,277.538,282.275
1350,278.108,278.927,278.620,282.758,278.108,282.758
1354,278.684,279.504,279.170,283.351,278.684,283.351
1358,279.269,280.088,279.720,283.945,279.269,283.945
1362,279.862,280.681,280.270,284.539,279.862,284.539
1366,280.466,281.286,280.740,285.073,280.466,285.073
1370,281.078,281.901,281.460,285.608,281.078,285.608
1374,281.700,282.522,282.010,286.203,281.700,286.203
1378,282.328,283.150,282.560,286.799,282.328,286.799
1382,282.965,283.795,283.280,287.335,282.965,287.335
1386,283.607,284.434,283.750,287.871,283.607,287.871
1390,284.254,285.082,284.550,288.466,284.254,288.466
1394,284.907,285.735,285.100,289.086,284.907,289.086
1398,285.569,286.394,285.650,289.705,285.569,289.705
1402,286.242,287.071,286.280,290.386,286.242,290.386
1406,286.922,287.748,286.910,291.068,286.910,291.068
1410,287.616,288.445,287.710,291.687,287.616,291.687
1414,288.323,289.148,288.340,292.387,288.323,292.387
1418,289.045,289.873,289.050,293.150,289.045,293.150
1422,289.777,290.607,289.840,293.978,289.777,293.978
1426,290.519,291.346,290.550,294.741,290.519,294.741
1430,291.277,292.108,291.350,295.378,291.277,295.378
1434,292.046,292.879,292.150,296.089,292.046,296.089
1438,292.826,293.659,292.780,296.872,292.780,296.872
1442,293.617,294.451,293.490,297.725,293.490,297.725
1446,294.415,295.251,294.450,298.579,294.415,298.579
1450,295.221,296.056,295.160,299.433,295.160,299.433
1454,296.036,296.869,296.120,300.208,296.036,300.208
1458,296.863,297.699,296.830,300.983,296.830,300.983
1462,297.700,298.539,297.540,301.759,297.540,301.759
1466,298.542,299.378,298.500,302.534,298.500,302.534
1470,299.395,300.237,299.460,303.309,299.395,303.309
1474,300.250,301.095,300.170,304.025,300.170,304.025
1478,301.102,301.954,301.130,304.742,301.102,304.742
1482,301.939,302.803,302.090,305.458,301.939,305.458
1486,302.741,303.616,303.130,306.234,302.741,306.234
1490,303.494,304.372,304.000,307.070,303.494,307.070
1494,304.191,305.067,304.710,307.816,304.191,307.816
1498,304.827,305.703,305.430,308.375,304.827,308.375
1502,305.411,306.275,305.900,308.934,305.411,308.934
1506,305.961,306.808,306.450,309.556,305.961,309.556
1510,306.494,307.331,307.000,310.177,306.494,310.177
1514,307.029,307.847,307.470,310.715,307.029,310.715
1518,307.591,308.400,307.940,311.253,307.591,311.253
1522,308.188,308.999,308.740,311.851,308.188,311.851
1526,308.821,309.637,309.290,312.449,308.821,312.449
1530,309.474,310.294,309.840,313.047,309.474,313.047
1534,310.141,310.960,310.640,313.825,310.141,313.825
1538,310.820,311.631,311.190,314.603,310.820,314.603
1542,311.523,312.325,311.990,315.381,311.523,315.381
1546,312.260,313.054,312.700,316.315,312.260,316.315
1550,313.038,313.834,313.240,317.326,313.038,317.326
1554,313.863,314.657,314.200,318.302,313.863,318.302
1558,314.726,315.524,314.910,319.277,314.726,319.277
1562,315.620,316.423,315.950,320.334,315.620,320.334
1566,316.538,317.346,316.820,321.472,316.538,321.472
1570,317.467,318.280,317.690,322.610,317.467,322.610
1574,318.399,319.213,318.560,323.748,318.399,323.748
1578,319.331,320.145,319.680,324.886,319.331,324.886
1582,320.259,321.073,320.470,325.943,320.259,325.943
1586,321.185,321.994,321.510,326.999,321.185,326.999
1590,322.112,322.922,322.300,328.056,322.112,328.056
